{
  "delivery_reports": {
    "error": 0,
    "success": 0
  },
  "get_markets": {
    "avg_ms": 112.64416700000001,
    "count": 1,
    "max_ms": 112.64416700000001,
    "min_ms": 112.64416700000001,
    "p95_ms": 112.64416700000001,
    "p99_ms": 112.64416700000001
  },
  "kafka_config": {
    "batch_size": 32768,
    "compression": "snappy",
    "library": "confluent-kafka-go",
    "linger_ms": 10
  },
  "kafka_send": {
    "avg_ms": 0.045504130083179224,
    "count": 4328,
    "max_ms": 0.595958,
    "min_ms": -0.9297500000000001,
    "p95_ms": 0.111667,
    "p99_ms": 0.178333
  },
  "memory": {
    "avg_mb": 34.408788086938074,
    "max_mb": 47.01353454589844,
    "min_mb": 23.088294982910156
  },
  "message_processing": {
    "avg_ms": 11.822478420304995,
    "count": 4787,
    "max_ms": 1046.226334,
    "min_ms": -0.480709,
    "p95_ms": 43.575417,
    "p99_ms": 248.605
  },
  "test_info": {
    "krw_markets": 170,
    "messages_per_second": 68.75714285714285,
    "producer_id": "go",
    "start_time": 1747587145.0001261,
    "total_markets": 479,
    "total_messages": 4813,
    "total_runtime_seconds": 70,
    "websocket_connections": 24
  },
  "websocket_connection_0": {
    "avg_ms": 116.996146,
    "count": 2,
    "max_ms": 185.09545899999998,
    "min_ms": 48.896833,
    "p95_ms": 185.09545899999998,
    "p99_ms": 185.09545899999998
  },
  "websocket_connection_1": {
    "avg_ms": 117.508792,
    "count": 2,
    "max_ms": 186.00312499999998,
    "min_ms": 49.014459,
    "p95_ms": 186.00312499999998,
    "p99_ms": 186.00312499999998
  },
  "websocket_connection_10": {
    "avg_ms": 100.787583,
    "count": 1,
    "max_ms": 100.787583,
    "min_ms": 100.787583,
    "p95_ms": 100.787583,
    "p99_ms": 100.787583
  },
  "websocket_connection_11": {
    "avg_ms": 95.152083,
    "count": 1,
    "max_ms": 95.152083,
    "min_ms": 95.152083,
    "p95_ms": 95.152083,
    "p99_ms": 95.152083
  },
  "websocket_connection_12": {
    "avg_ms": 95.12070899999999,
    "count": 1,
    "max_ms": 95.12070899999999,
    "min_ms": 95.12070899999999,
    "p95_ms": 95.12070899999999,
    "p99_ms": 95.12070899999999
  },
  "websocket_connection_13": {
    "avg_ms": 97.166375,
    "count": 1,
    "max_ms": 97.166375,
    "min_ms": 97.166375,
    "p95_ms": 97.166375,
    "p99_ms": 97.166375
  },
  "websocket_connection_14": {
    "avg_ms": 97.141208,
    "count": 1,
    "max_ms": 97.141208,
    "min_ms": 97.141208,
    "p95_ms": 97.141208,
    "p99_ms": 97.141208
  },
  "websocket_connection_15": {
    "avg_ms": 139.148708,
    "count": 1,
    "max_ms": 139.148708,
    "min_ms": 139.148708,
    "p95_ms": 139.148708,
    "p99_ms": 139.148708
  },
  "websocket_connection_16": {
    "avg_ms": 135.92533300000002,
    "count": 1,
    "max_ms": 135.92533300000002,
    "min_ms": 135.92533300000002,
    "p95_ms": 135.92533300000002,
    "p99_ms": 135.92533300000002
  },
  "websocket_connection_17": {
    "avg_ms": 135.82445900000002,
    "count": 1,
    "max_ms": 135.82445900000002,
    "min_ms": 135.82445900000002,
    "p95_ms": 135.82445900000002,
    "p99_ms": 135.82445900000002
  },
  "websocket_connection_18": {
    "avg_ms": 138.991791,
    "count": 1,
    "max_ms": 138.991791,
    "min_ms": 138.991791,
    "p95_ms": 138.991791,
    "p99_ms": 138.991791
  },
  "websocket_connection_19": {
    "avg_ms": 137.627625,
    "count": 1,
    "max_ms": 137.627625,
    "min_ms": 137.627625,
    "p95_ms": 137.627625,
    "p99_ms": 137.627625
  },
  "websocket_connection_2": {
    "avg_ms": 117.0021465,
    "count": 2,
    "max_ms": 185.059834,
    "min_ms": 48.944459,
    "p95_ms": 185.059834,
    "p99_ms": 185.059834
  },
  "websocket_connection_20": {
    "avg_ms": 183.331583,
    "count": 1,
    "max_ms": 183.331583,
    "min_ms": 183.331583,
    "p95_ms": 183.331583,
    "p99_ms": 183.331583
  },
  "websocket_connection_21": {
    "avg_ms": 183.444792,
    "count": 1,
    "max_ms": 183.444792,
    "min_ms": 183.444792,
    "p95_ms": 183.444792,
    "p99_ms": 183.444792
  },
  "websocket_connection_22": {
    "avg_ms": 184.489959,
    "count": 1,
    "max_ms": 184.489959,
    "min_ms": 184.489959,
    "p95_ms": 184.489959,
    "p99_ms": 184.489959
  },
  "websocket_connection_23": {
    "avg_ms": 183.491542,
    "count": 1,
    "max_ms": 183.491542,
    "min_ms": 183.491542,
    "p95_ms": 183.491542,
    "p99_ms": 183.491542
  },
  "websocket_connection_3": {
    "avg_ms": 51.546583,
    "count": 1,
    "max_ms": 51.546583,
    "min_ms": 51.546583,
    "p95_ms": 51.546583,
    "p99_ms": 51.546583
  },
  "websocket_connection_4": {
    "avg_ms": 117.090166,
    "count": 2,
    "max_ms": 185.12504099999998,
    "min_ms": 49.055291000000004,
    "p95_ms": 185.12504099999998,
    "p99_ms": 185.12504099999998
  },
  "websocket_connection_5": {
    "avg_ms": 50.130165999999996,
    "count": 1,
    "max_ms": 50.130165999999996,
    "min_ms": 50.130165999999996,
    "p95_ms": 50.130165999999996,
    "p99_ms": 50.130165999999996
  },
  "websocket_connection_6": {
    "avg_ms": 50.022375000000004,
    "count": 1,
    "max_ms": 50.022375000000004,
    "min_ms": 50.022375000000004,
    "p95_ms": 50.022375000000004,
    "p99_ms": 50.022375000000004
  },
  "websocket_connection_7": {
    "avg_ms": 46.625583,
    "count": 1,
    "max_ms": 46.625583,
    "min_ms": 46.625583,
    "p95_ms": 46.625583,
    "p99_ms": 46.625583
  },
  "websocket_connection_8": {
    "avg_ms": 50.042042,
    "count": 1,
    "max_ms": 50.042042,
    "min_ms": 50.042042,
    "p95_ms": 50.042042,
    "p99_ms": 50.042042
  },
  "websocket_connection_9": {
    "avg_ms": 50.176625,
    "count": 1,
    "max_ms": 50.176625,
    "min_ms": 50.176625,
    "p95_ms": 50.176625,
    "p99_ms": 50.176625
  },
  "websocket_info": {
    "connection_rate_limit": 5,
    "connections": [
      {
        "index": 3,
        "markets": [
          "USDT-TRX",
          "KRW-SC",
          "KRW-ONT",
          "KRW-ZIL",
          "KRW-POLYX",
          "KRW-ZRX",
          "BTC-BCH",
          "USDT-BCH",
          "KRW-BCH",
          "KRW-BAT",
          "KRW-IOST",
          "USDT-DGB",
          "KRW-CVC",
          "KRW-IQ",
          "KRW-IOTA",
          "BTC-RVN",
          "BTC-GO",
          "BTC-BOUNTY",
          "BTC-ENJ",
          "KRW-ONG"
        ],
        "connected_at": 1747587145.164716
      },
      {
        "index": 7,
        "markets": [
          "BTC-DKA",
          "KRW-STMX",
          "BTC-STMX",
          "BTC-AHT",
          "KRW-DKA",
          "BTC-LINK",
          "KRW-HIVE",
          "KRW-KAVA",
          "BTC-KAVA",
          "KRW-AHT",
          "KRW-LINK",
          "KRW-XTZ",
          "KRW-BORA",
          "BTC-JST",
          "BTC-CHR",
          "BTC-TOKAMAK",
          "KRW-JST",
          "BTC-CTSI",
          "BTC-DOT",
          "KRW-CRO"
        ],
        "connected_at": 1747587146.1615455
      },
      {
        "index": 6,
        "markets": [
          "BTC-BORA",
          "KRW-WAXP",
          "BTC-WAXP",
          "KRW-HBAR",
          "KRW-MED",
          "BTC-MED",
          "BTC-MLK",
          "KRW-MLK",
          "KRW-STPT",
          "BTC-VET",
          "KRW-ORBS",
          "BTC-CHZ",
          "KRW-VET",
          "BTC-PUNDIAI",
          "BTC-OGN",
          "KRW-CHZ",
          "BTC-XTZ",
          "BTC-HIVE",
          "BTC-HBD",
          "BTC-OBSR"
        ],
        "connected_at": 1747587146.1649785
      },
      {
        "index": 5,
        "markets": [
          "BTC-NKN",
          "BTC-META",
          "KRW-MOC",
          "BTC-ANKR",
          "BTC-CRO",
          "KRW-TFUEL",
          "KRW-MANA",
          "KRW-ANKR",
          "BTC-ORBS",
          "BTC-AERGO",
          "KRW-AERGO",
          "KRW-ATOM",
          "KRW-TT",
          "KRW-GAME2",
          "BTC-ATOM",
          "BTC-STPT",
          "KRW-MBL",
          "BTC-EOS",
          "BTC-USDS",
          "BTC-SKY"
        ],