{
  "get_markets": {
    "count": 1,
    "avg_ms": 384.8215829993933,
    "min_ms": 384.8215829993933,
    "max_ms": 384.8215829993933,
    "p95_ms": 384.8215829993933,
    "p99_ms": 384.8215829993933
  },
  "websocket_connection_1": {
    "count": 1,
    "avg_ms": 115.07683399941016,
    "min_ms": 115.07683399941016,
    "max_ms": 115.07683399941016,
    "p95_ms": 115.07683399941016,
    "p99_ms": 115.07683399941016
  },
  "websocket_connection_3": {
    "count": 1,
    "avg_ms": 114.84775000008085,
    "min_ms": 114.84775000008085,
    "max_ms": 114.84775000008085,
    "p95_ms": 114.84775000008085,
    "p99_ms": 114.84775000008085
  },
  "websocket_connection_2": {
    "count": 1,
    "avg_ms": 120.42633399960323,
    "min_ms": 120.42633399960323,
    "max_ms": 120.42633399960323,
    "p95_ms": 120.42633399960323,
    "p99_ms": 120.42633399960323
  },
  "websocket_connection_0": {
    "count": 1,
    "avg_ms": 149.6623749999344,
    "min_ms": 149.6623749999344,
    "max_ms": 149.6623749999344,
    "p95_ms": 149.6623749999344,
    "p99_ms": 149.6623749999344
  },
  "websocket_connection_4": {
    "count": 1,
    "avg_ms": 122.84458399972209,
    "min_ms": 122.84458399972209,
    "max_ms": 122.84458399972209,
    "p95_ms": 122.84458399972209,
    "p99_ms": 122.84458399972209
  },
  "kafka_send": {
    "count": 4751,
    "avg_ms": 0.2788833384564033,
    "min_ms": 0.0865420006448403,
    "max_ms": 4.200875000606175,
    "p95_ms": 0.5171081993466942,
    "p99_ms": 0.8443618400633568
  },
  "message_processing": {
    "count": 4751,
    "avg_ms": 0.40550287602437823,
    "min_ms": 0.11758300024666823,
    "max_ms": 4.378208000161976,
    "p95_ms": 0.7949749999170308,
    "p99_ms": 1.2366268400364788
  },
  "websocket_connection_11": {
    "count": 1,
    "avg_ms": 156.2038339998253,
    "min_ms": 156.2038339998253,
    "max_ms": 156.2038339998253,
    "p95_ms": 156.2038339998253,
    "p99_ms": 156.2038339998253
  },
  "websocket_connection_10": {
    "count": 1,
    "avg_ms": 159.10433400040347,
    "min_ms": 159.10433400040347,
    "max_ms": 159.10433400040347,
    "p95_ms": 159.10433400040347,
    "p99_ms": 159.10433400040347
  },
  "websocket_connection_13": {
    "count": 1,
    "avg_ms": 163.3492089995343,
    "min_ms": 163.3492089995343,
    "max_ms": 163.3492089995343,
    "p95_ms": 163.3492089995343,
    "p99_ms": 163.3492089995343
  },
  "websocket_connection_14": {
    "count": 1,
    "avg_ms": 165.48725000029663,
    "min_ms": 165.48725000029663,
    "max_ms": 165.48725000029663,
    "p95_ms": 165.48725000029663,
    "p99_ms": 165.48725000029663
  },
  "websocket_connection_12": {
    "count": 1,
    "avg_ms": 167.87412500070786,
    "min_ms": 167.87412500070786,
    "max_ms": 167.87412500070786,
    "p95_ms": 167.87412500070786,
    "p99_ms": 167.87412500070786
  },
  "websocket_connection_18": {
    "count": 1,
    "avg_ms": 193.5995420008112,
    "min_ms": 193.5995420008112,
    "max_ms": 193.5995420008112,
    "p95_ms": 193.5995420008112,
    "p99_ms": 193.5995420008112
  },
  "websocket_connection_19": {
    "count": 1,
    "avg_ms": 199.68837499982328,
    "min_ms": 199.68837499982328,
    "max_ms": 199.68837499982328,
    "p95_ms": 199.68837499982328,
    "p99_ms": 199.68837499982328
  },
  "websocket_connection_16": {
    "count": 1,
    "avg_ms": 207.2849159994803,
    "min_ms": 207.2849159994803,
    "max_ms": 207.2849159994803,
    "p95_ms": 207.2849159994803,
    "p99_ms": 207.2849159994803
  },
  "websocket_connection_17": {
    "count": 1,
    "avg_ms": 206.874708000214,
    "min_ms": 206.874708000214,
    "max_ms": 206.874708000214,
    "p95_ms": 206.874708000214,
    "p99_ms": 206.874708000214
  },
  "websocket_connection_15": {
    "count": 1,
    "avg_ms": 209.43562499996915,
    "min_ms": 209.43562499996915,
    "max_ms": 209.43562499996915,
    "p95_ms": 209.43562499996915,
    "p99_ms": 209.43562499996915
  },
  "websocket_connection_23": {
    "count": 1,
    "avg_ms": 225.15612600000168,
    "min_ms": 225.15612600000168,
    "max_ms": 225.15612600000168,
    "p95_ms": 225.15612600000168,
    "p99_ms": 225.15612600000168
  },
  "websocket_connection_22": {
    "count": 1,
    "avg_ms": 235.28762600017217,
    "min_ms": 235.28762600017217,
    "max_ms": 235.28762600017217,
    "p95_ms": 235.28762600017217,
    "p99_ms": 235.28762600017217
  },
  "websocket_connection_21": {
    "count": 1,
    "avg_ms": 236.17812499924185,
    "min_ms": 236.17812499924185,
    "max_ms": 236.17812499924185,
    "p95_ms": 236.17812499924185,
    "p99_ms": 236.17812499924185
  },
  "websocket_connection_20": {
    "count": 1,
    "avg_ms": 238.97791699982918,
    "min_ms": 238.97791699982918,
    "max_ms": 238.97791699982918,
    "p95_ms": 238.97791699982918,
    "p99_ms": 238.97791699982918
  },
  "websocket_connection_7": {
    "count": 1,
    "avg_ms": 220.2850829999079,
    "min_ms": 220.2850829999079,
    "max_ms": 220.2850829999079,
    "p95_ms": 220.2850829999079,
    "p99_ms": 220.2850829999079
  },
  "websocket_connection_6": {
    "count": 1,
    "avg_ms": 223.2813750006244,
    "min_ms": 223.2813750006244,
    "max_ms": 223.2813750006244,
    "p95_ms": 223.2813750006244,
    "p99_ms": 223.2813750006244
  },
  "websocket_connection_9": {
    "count": 1,
    "avg_ms": 224.37354200064874,
    "min_ms": 224.37354200064874,
    "max_ms": 224.37354200064874,
    "p95_ms": 224.37354200064874,
    "p99_ms": 224.37354200064874
  },
  "websocket_connection_5": {
    "count": 1,
    "avg_ms": 225.29849999955331,
    "min_ms": 225.29849999955331,
    "max_ms": 225.29849999955331,
    "p95_ms": 225.29849999955331,
    "p99_ms": 225.29849999955331
  },
  "websocket_connection_8": {
    "count": 1,
    "avg_ms": 226.225166000404,
    "min_ms": 226.225166000404,
    "max_ms": 226.225166000404,
    "p95_ms": 226.225166000404,
    "p99_ms": 226.225166000404
  },
  "memory": {
    "avg_mb": 81.94871471774194,
    "max_mb": 86.828125,
    "min_mb": 28.3046875
  },
  "cpu": {
    "avg_percent": 0.0,
    "max_percent": 0.0
  },
  "test_info": {
    "producer_id": "python",
    "start_time": 1747587140.0046458,
    "total_runtime_seconds": 65.40610146522522,
    "total_messages": 4751,
    "messages_per_second": 72.63848316240018,
    "total_markets": 479,
    "krw_markets": 170,
    "websocket_connections": 24
  },
  "memory_traced": {
    "current_mb": 19.206229209899902,
    "peak_mb": 19.602643966674805
  },
  "delivery_reports": {
    "success": 4751,
    "error": 0
  },
  "kafka_config": {
    "library": "confluent-kafka-python",
    "batch_size": 32768,
    "linger_ms": 10,
    "compression": "snappy"
  },
  "websocket_info": {
    "connections": [
      {
        "index": 1,
        "markets": [
          "BTC-ARK",
          "BTC-STORJ",
          "BTC-GRS",
          "BTC-RLC",
          "USDT-BTC",
          "USDT-ETH",
          "USDT-XRP",
          "USDT-ETC",
          "KRW-NEO",
          "KRW-MTL",
          "KRW-XRP",
          "KRW-ETC",
          "KRW-SNT",
          "KRW-WAVES",
          "KRW-XEM",
          "KRW-QTUM",
          "KRW-LSK",
          "KRW-STEEM",
          "KRW-XLM",
          "KRW-ARDR"
        ],
        "connected_at": 1747587140.5313783
      },
      {
        "index": 3,
        "markets": [
          "USDT-TRX",
          "KRW-SC",
          "KRW-ONT",
          "KRW-ZIL",
          "KRW-POLYX",
          "KRW-ZRX",
          "BTC-BCH",
          "USDT-BCH",
          "KRW-BCH",
          "KRW-BAT",
          "KRW-IOST",
          "USDT-DGB",
          "KRW-CVC",
          "KRW-IQ",
          "KRW-IOTA",
          "BTC-RVN",
          "BTC-GO",
          "BTC-BOUNTY",
          "BTC-ENJ",
          "KRW-ONG"
        ],
        "connected_at": 1747587140.5318825
      },
      {
        "index": 2,